{
    "cumulative_timesteps": 0,
    "cumulative_model_updates": 0,
    "policy_average_reward": null,
    "epoch": 0,
    "ts_since_last_save": 0,
    "reward_running_stats": {
        "mean": [
            0.0
        ],
        "var": [
            0.0
        ],
        "shape": [
            1
        ],
        "count": 0
    },
    "obs_running_stats": {
        "mean": [
            0.0,
            0.0,
            0.040434785187244415,
            0.0,
            0.0,
            0.0,
            0.0,
            0.0,
            0.0,
            0.0,
            0.0,
            0.0,
            0.0,
            0.0,
            0.0,
            0.0,
            0.0,
            1.0,
            1.0,
            1.0,
            1.0,
            1.0,
            1.0,
            1.0,
            1.0,
            1.0,
            1.0,
            1.0,
            1.0,
            1.0,
            1.0,
            1.0,
            1.0,
            1.0,
            1.0,
            1.0,
            1.0,
            1.0,
            1.0,
            1.0,
            1.0,
            1.0,
            1.0,
            1.0,
            1.0,
            1.0,
            1.0,
            1.0,
            1.0,
            1.0,
            1.0,
            -0.11130435764789581,
            -1.5860869884490967,
            0.007391304709017277,
            0.0883883386850357,
            0.8901650309562683,
            0.0,
            0.0,
            0.0,
            1.0,
            0.0,
            0.0,
            0.0,
            0.0,
            0.0,
            0.0,
            0.33000001311302185,
            1.0,
            1.0,
            0.0
        ],
        "var": [
            0.0,
            0.0,
            0.0,
            0.0,
            0.0,
            0.0,
            0.0,
            0.0,
            0.0,
            0.0,
            0.0,
            0.0,
            0.0,
            0.0,
            0.0,
            0.0,
            0.0,
            0.0,
            0.0,
            0.0,
            0.0,
            0.0,
            0.0,
            0.0,
            0.0,
            0.0,
            0.0,
            0.0,
            0.0,
            0.0,
            0.0,
            0.0,
            0.0,
            0.0,
            0.0,
            0.0,
            0.0,
            0.0,
            0.0,
            0.0,
            0.0,
            0.0,
            0.0,
            0.0,
            0.0,
            0.0,
            0.0,
            0.0,
            0.0,
            0.0,
            0.0,
            2.304290533065796,
            1.2078944444656372,
            0.0,
            1.4374998807907104,
            0.16084957122802734,
            0.0,
            0.0,
            0.0,
            0.0,
            0.0,
            0.0,
            0.0,
            0.0,
            0.0,
            0.0,
            0.0,
            0.0,
            0.0,
            0.0
        ],
        "shape": [
            70
        ],
        "count": 8
    }
}