{"x_vel": 8.240942253932383, "y_vel": 445.17654625077836, "z_vel": 17.68035429639544, "Cumulative Timesteps": 1200294, "_timestamp": 1708704662.6568105, "_runtime": 83.17486763000488, "_step": 47, "PPO Batch Consumption Time": 0.02907570203145345, "Cumulative Model Updates": 68, "Policy Entropy": 0.8821203509966532, "Mean KL Divergence": 0.004453451683123906, "Value Function Loss": 0.039069456358750664, "SB3 Clip Fraction": 0.03947999949256579, "Policy Update Magnitude": 0.1332903653383255, "Value Function Update Magnitude": 0.10809095203876495, "Total Iteration Time": 3.6040696000000025, "Timesteps Collected": 50012, "Timestep Collection Time": 2.8908995999999973, "Timestep Consumption Time": 0.7131700000000052, "Collected Steps per Second": 17299.805223259933, "Overall Steps per Second": 13876.535569679332, "Policy Reward": -0.09258975641101928, "_wandb": {"runtime": 82}}